0.000,0.007,0.004,0.002,0.001,-0.000,-0.001,-0.001,-0.000,0.000,0.001,0.002,0.002,0.003,0.003,0.003,0.003,0.003,0.003,0.003,0.003,0.003,0.003,0.003,0.003,0.003,0.003,0.003,0.003,0.003,0.003,0.003,0.003,0.003,0.003,0.003,0.003,0.004,0.004,0.004,0.004,0.005,0.005,0.006,0.007,0.008,0.008,0.009,0.009,0.010,0.011,0.011,0.012,0.012,0.013,0.014,0.015,0.016,0.017,0.019,0.021,0.024,0.028,0.035,0.051
0.000,0.000,-0.000,-0.001,-0.002,-0.002,-0.002,-0.002,-0.001,0.000,0.001,0.002,0.002,0.003,0.003,0.003,0.003,0.003,0.003,0.003,0.003,0.003,0.003,0.003,0.003,0.003,0.003,0.003,0.003,0.003,0.003,0.003,0.003,0.003,0.003,0.003,0.003,0.004,0.004,0.004,0.004,0.005,0.005,0.006,0.007,0.008,0.008,0.009,0.010,0.010,0.011,0.011,0.012,0.012,0.013,0.014,0.015,0.016,0.017,0.019,0.021,0.024,0.028,0.035,0.051
0.000,0.000,0.000,-0.003,-0.003,-0.003,-0.002,-0.002,-0.001,0.000,0.001,0.002,0.003,0.003,0.003,0.003,0.003,0.003,0.003,0.003,0.003,0.003,0.003,0.003,0.003,0.003,0.003,0.003,0.003,0.003,0.003,0.003,0.003,0.003,0.003,0.003,0.003,0.004,0.004,0.004,0.004,0.005,0.005,0.006,0.007,0.008,0.008,0.009,0.010,0.010,0.011,0.011,0.012,0.013,0.013,0.014,0.015,0.016,0.017,0.019,0.021,0.024,0.028,0.035,0.051
0.000,0.000,0.000,0.000,-0.003,-0.003,-0.002,-0.001,-0.000,0.001,0.002,0.002,0.003,0.003,0.003,0.003,0.003,0.003,0.003,0.003,0.003,0.003,0.003,0.003,0.003,0.003,0.003,0.003,0.003,0.003,0.003,0.003,0.003,0.003,0.003,0.003,0.003,0.004,0.004,0.004,0.004,0.005,0.005,0.006,0.007,0.008,0.008,0.009,0.010,0.010,0.011,0.011,0.012,0.013,0.013,0.014,0.015,0.016,0.017,0.019,0.021,0.024,0.028,0.035,0.051
0.000,0.000,0.000,0.000,0.000,-0.002,-0.001,-0.000,0.000,0.001,0.002,0.002,0.003,0.003,0.003,0.003,0.003,0.003,0.003,0.003,0.003,0.003,0.003,0.003,0.003,0.003,0.003,0.003,0.003,0.003,0.003,0.003,0.003,0.003,0.003,0.003,0.003,0.004,0.004,0.004,0.004,0.005,0.005,0.006,0.007,0.008,0.008,0.009,0.010,0.010,0.011,0.011,0.012,0.013,0.013,0.014,0.015,0.016,0.018,0.019,0.021,0.024,0.028,0.035,0.052
0.000,0.000,0.000,0.000,0.000,0.000,-0.001,0.000,0.001,0.002,0.002,0.003,0.003,0.003,0.003,0.003,0.003,0.003,0.003,0.003,0.003,0.003,0.003,0.003,0.003,0.003,0.003,0.003,0.003,0.003,0.003,0.003,0.003,0.003,0.003,0.003,0.003,0.004,0.004,0.004,0.004,0.005,0.005,0.006,0.007,0.008,0.008,0.009,0.010,0.010,0.011,0.011,0.012,0.013,0.013,0.014,0.015,0.016,0.018,0.019,0.021,0.024,0.028,0.035,0.052
0.000,0.000,0.000,0.000,0.000,0.000,0.000,0.001,0.002,0.002,0.003,0.003,0.003,0.003,0.003,0.003,0.003,0.003,0.003,0.003,0.003,0.003,0.003,0.003,0.003,0.003,0.003,0.003,0.003,0.003,0.003,0.003,0.003,0.003,0.003,0.003,0.003,0.004,0.004,0.004,0.004,0.005,0.005,0.006,0.007,0.008,0.008,0.009,0.010,0.010,0.011,0.011,0.012,0.013,0.013,0.014,0.015,0.016,0.018,0.019,0.021,0.024,0.028,0.035,0.052
0.000,0.000,0.000,0.000,0.000,0.000,0.000,0.000,0.002,0.002,0.003,0.003,0.003,0.003,0.003,0.003,0.003,0.003,0.003,0.003,0.003,0.003,0.003,0.003,0.003,0.003,0.003,0.003,0.003,0.003,0.003,0.003,0.003,0.003,0.003,0.003,0.003,0.004,0.004,0.004,0.004,0.005,0.005,0.006,0.007,0.008,0.008,0.009,0.010,0.010,0.011,0.011,0.012,0.013,0.013,0.014,0.015,0.016,0.018,0.019,0.021,0.024,0.028,0.036,0.053
0.000,0.000,0.000,0.000,0.000,0.000,0.000,0.000,0.000,0.003,0.003,0.003,0.003,0.003,0.003,0.003,0.003,0.003,0.003,0.003,0.003,0.003,0.003,0.003,0.003,0.003,0.003,0.003,0.003,0.003,0.003,0.003,0.003,0.003,0.003,0.003,0.003,0.004,0.004,0.004,0.004,0.005,0.005,0.006,0.007,0.008,0.009,0.009,0.010,0.010,0.011,0.011,0.012,0.013,0.014,0.014,0.015,0.016,0.018,0.019,0.022,0.024,0.029,0.036,0.053
0.000,0.000,0.000,0.000,0.000,0.000,0.000,0.000,0.000,0.000,0.003,0.003,0.003,0.003,0.003,0.003,0.003,0.003,0.003,0.003,0.003,0.003,0.003,0.003,0.003,0.003,0.003,0.003,0.003,0.003,0.003,0.003,0.003,0.003,0.003,0.003,0.003,0.004,0.004,0.004,0.004,0.005,0.005,0.006,0.007,0.008,0.009,0.009,0.010,0.010,0.011,0.012,0.012,0.013,0.014,0.014,0.015,0.017,0.018,0.020,0.022,0.025,0.029,0.036,0.053
0.000,0.000,0.000,0.000,0.000,0.000,0.000,0.000,0.000,0.000,0.000,0.003,0.003,0.003,0.003,0.003,0.003,0.003,0.003,0.003,0.003,0.003,0.003,0.003,0.003,0.003,0.003,0.003,0.003,0.003,0.003,0.003,0.003,0.003,0.003,0.003,0.003,0.004,0.004,0.004,0.005,0.005,0.005,0.006,0.007,0.008,0.009,0.009,0.010,0.010,0.011,0.012,0.012,0.013,0.014,0.015,0.016,0.017,0.018,0.020,0.022,0.025,0.029,0.036,0.054
0.000,0.000,0.000,0.000,0.000,0.000,0.000,0.000,0.000,0.000,0.000,0.000,0.003,0.003,0.003,0.003,0.003,0.003,0.003,0.003,0.003,0.003,0.003,0.003,0.003,0.003,0.003,0.002,0.003,0.003,0.003,0.003,0.003,0.003,0.003,0.003,0.003,0.004,0.004,0.004,0.005,0.005,0.006,0.006,0.007,0.008,0.009,0.009,0.010,0.010,0.011,0.012,0.012,0.013,0.014,0.015,0.016,0.017,0.018,0.020,0.022,0.025,0.029,0.037,0.054
0.000,0.000,0.000,0.000,0.000,0.000,0.000,0.000,0.000,0.000,0.000,0.000,0.000,0.003,0.003,0.003,0.003,0.003,0.003,0.003,0.003,0.003,0.003,0.003,0.003,0.003,0.002,0.002,0.002,0.003,0.003,0.003,0.003,0.003,0.003,0.003,0.003,0.004,0.004,0.004,0.005,0.005,0.006,0.006,0.007,0.008,0.009,0.009,0.010,0.010,0.011,0.012,0.012,0.013,0.014,0.015,0.016,0.017,0.018,0.020,0.022,0.025,0.029,0.037,0.054
0.000,0.000,0.000,0.000,0.000,0.000,0.000,0.000,0.000,0.000,0.000,0.000,0.000,0.000,0.003,0.003,0.003,0.003,0.003,0.003,0.003,0.003,0.003,0.003,0.003,0.003,0.002,0.002,0.002,0.003,0.003,0.003,0.003,0.003,0.003,0.003,0.003,0.004,0.004,0.004,0.005,0.005,0.006,0.006,0.007,0.008,0.009,0.009,0.010,0.011,0.011,0.012,0.012,0.013,0.014,0.015,0.016,0.017,0.018,0.020,0.022,0.025,0.030,0.037,0.055
0.000,0.000,0.000,0.000,0.000,0.000,0.000,0.000,0.000,0.000,0.000,0.000,0.000,0.000,0.000,0.003,0.003,0.003,0.003,0.003,0.003,0.003,0.003,0.003,0.003,0.002,0.002,0.002,0.002,0.003,0.003,0.003,0.003,0.003,0.003,0.003,0.003,0.004,0.004,0.004,0.005,0.005,0.006,0.006,0.007,0.008,0.009,0.009,0.010,0.011,0.011,0.012,0.012,0.013,0.014,0.015,0.016,0.017,0.018,0.020,0.022,0.025,0.030,0.038,0.056
0.000,0.000,0.000,0.000,0.000,0.000,0.000,0.000,0.000,0.000,0.000,0.000,0.000,0.000,0.000,0.000,0.003,0.003,0.003,0.003,0.003,0.003,0.003,0.003,0.003,0.002,0.002,0.002,0.002,0.002,0.003,0.003,0.003,0.003,0.003,0.003,0.003,0.004,0.004,0.004,0.005,0.005,0.006,0.006,0.007,0.008,0.009,0.009,0.010,0.011,0.011,0.012,0.013,0.013,0.014,0.015,0.016,0.017,0.019,0.020,0.023,0.026,0.030,0.038,0.056
0.000,0.000,0.000,0.000,0.000,0.000,0.000,0.000,0.000,0.000,0.000,0.000,0.000,0.000,0.000,0.000,0.000,0.003,0.003,0.003,0.003,0.003,0.003,0.003,0.003,0.002,0.002,0.002,0.002,0.002,0.003,0.003,0.003,0.003,0.003,0.003,0.003,0.004,0.004,0.004,0.005,0.005,0.006,0.006,0.007,0.008,0.009,0.010,0.010,0.011,0.011,0.012,0.013,0.013,0.014,0.015,0.016,0.017,0.019,0.021,0.023,0.026,0.030,0.038,0.057
0.000,0.000,0.000,0.000,0.000,0.000,0.000,0.000,0.000,0.000,0.000,0.000,0.000,0.000,0.000,0.000,0.000,0.000,0.003,0.003,0.003,0.003,0.003,0.003,0.003,0.002,0.002,0.002,0.002,0.002,0.003,0.003,0.003,0.003,0.003,0.003,0.003,0.004,0.004,0.004,0.005,0.005,0.006,0.006,0.007,0.008,0.009,0.010,0.010,0.011,0.011,0.012,0.013,0.013,0.014,0.015,0.016,0.017,0.019,0.021,0.023,0.026,0.031,0.039,0.058
0.000,0.000,0.000,0.000,0.000,0.000,0.000,0.000,0.000,0.000,0.000,0.000,0.000,0.000,0.000,0.000,0.000,0.000,0.000,0.003,0.003,0.003,0.003,0.003,0.003,0.002,0.002,0.002,0.002,0.002,0.003,0.003,0.003,0.003,0.003,0.003,0.003,0.004,0.004,0.004,0.005,0.005,0.006,0.006,0.008,0.008,0.009,0.010,0.010,0.011,0.012,0.012,0.013,0.014,0.014,0.015,0.016,0.018,0.019,0.021,0.023,0.027,0.031,0.039,0.058
0.000,0.000,0.000,0.000,0.000,0.000,0.000,0.000,0.000,0.000,0.000,0.000,0.000,0.000,0.000,0.000,0.000,0.000,0.000,0.000,0.003,0.003,0.003,0.003,0.003,0.002,0.002,0.002,0.002,0.002,0.003,0.003,0.003,0.003,0.003,0.003,0.003,0.004,0.004,0.004,0.005,0.005,0.006,0.007,0.008,0.008,0.009,0.010,0.010,0.011,0.012,0.012,0.013,0.014,0.015,0.016,0.017,0.018,0.019,0.021,0.024,0.027,0.032,0.040,0.059
0.000,0.000,0.000,0.000,0.000,0.000,0.000,0.000,0.000,0.000,0.000,0.000,0.000,0.000,0.000,0.000,0.000,0.000,0.000,0.000,0.000,0.003,0.003,0.003,0.003,0.002,0.002,0.002,0.002,0.002,0.003,0.003,0.003,0.003,0.003,0.003,0.004,0.004,0.004,0.004,0.005,0.005,0.006,0.007,0.008,0.009,0.009,0.010,0.011,0.011,0.012,0.012,0.013,0.014,0.015,0.016,0.017,0.018,0.020,0.021,0.024,0.027,0.032,0.041,0.060
0.000,0.000,0.000,0.000,0.000,0.000,0.000,0.000,0.000,0.000,0.000,0.000,0.000,0.000,0.000,0.000,0.000,0.000,0.000,0.000,0.000,0.000,0.003,0.003,0.002,0.002,0.002,0.002,0.002,0.002,0.003,0.003,0.003,0.003,0.003,0.003,0.004,0.004,0.004,0.004,0.005,0.005,0.006,0.007,0.008,0.009,0.009,0.010,0.011,0.011,0.012,0.013,0.013,0.014,0.015,0.016,0.017,0.018,0.020,0.022,0.024,0.028,0.033,0.041,0.062
0.000,0.000,0.000,0.000,0.000,0.000,0.000,0.000,0.000,0.000,0.000,0.000,0.000,0.000,0.000,0.000,0.000,0.000,0.000,0.000,0.000,0.000,0.000,0.003,0.002,0.002,0.002,0.002,0.002,0.002,0.003,0.003,0.003,0.003,0.003,0.003,0.004,0.004,0.004,0.004,0.005,0.005,0.006,0.007,0.008,0.009,0.010,0.010,0.011,0.012,0.012,0.013,0.014,0.014,0.015,0.016,0.017,0.019,0.020,0.022,0.025,0.028,0.033,0.042,0.063
0.000,0.000,0.000,0.000,0.000,0.000,0.000,0.000,0.000,0.000,0.000,0.000,0.000,0.000,0.000,0.000,0.000,0.000,0.000,0.000,0.000,0.000,0.000,0.000,0.002,0.002,0.002,0.002,0.002,0.002,0.003,0.003,0.003,0.003,0.003,0.003,0.004,0.004,0.004,0.004,0.005,0.005,0.006,0.007,0.008,0.009,0.010,0.010,0.011,0.012,0.012,0.013,0.014,0.015,0.016,0.017,0.018,0.019,0.021,0.023,0.025,0.029,0.034,0.043,0.065
0.000,0.000,0.000,0.000,0.000,0.000,0.000,0.000,0.000,0.000,0.000,0.000,0.000,0.000,0.000,0.000,0.000,0.000,0.000,0.000,0.000,0.000,0.000,0.000,0.000,0.002,0.002,0.003,0.003,0.003,0.003,0.003,0.003,0.003,0.003,0.003,0.004,0.004,0.004,0.005,0.005,0.005,0.006,0.007,0.008,0.009,0.010,0.011,0.011,0.012,0.013,0.013,0.014,0.015,0.016,0.017,0.018,0.019,0.021,0.023,0.026,0.030,0.035,0.044,0.067
0.000,0.000,0.000,0.000,0.000,0.000,0.000,0.000,0.000,0.000,0.000,0.000,0.000,0.000,0.000,0.000,0.000,0.000,0.000,0.000,0.000,0.000,0.000,0.000,0.000,0.000,0.003,0.003,0.003,0.003,0.003,0.003,0.003,0.003,0.003,0.003,0.004,0.004,0.004,0.005,0.005,0.006,0.006,0.007,0.008,0.009,0.010,0.011,0.011,0.012,0.013,0.014,0.014,0.015,0.016,0.017,0.018,0.020,0.022,0.024,0.027,0.030,0.036,0.046,0.069
0.000,0.000,0.000,0.000,0.000,0.000,0.000,0.000,0.000,0.000,0.000,0.000,0.000,0.000,0.000,0.000,0.000,0.000,0.000,0.000,0.000,0.000,0.000,0.000,0.000,0.000,0.000,0.003,0.003,0.003,0.003,0.003,0.003,0.003,0.003,0.004,0.004,0.004,0.004,0.005,0.005,0.006,0.006,0.007,0.009,0.010,0.010,0.011,0.012,0.012,0.013,0.014,0.015,0.016,0.017,0.018,0.019,0.020,0.022,0.024,0.027,0.031,0.037,0.047,0.071
0.000,0.000,0.000,0.000,0.000,0.000,0.000,0.000,0.000,0.000,0.000,0.000,0.000,0.000,0.000,0.000,0.000,0.000,0.000,0.000,0.000,0.000,0.000,0.000,0.000,0.000,0.000,0.000,0.003,0.003,0.003,0.003,0.003,0.003,0.003,0.004,0.004,0.004,0.004,0.005,0.005,0.006,0.006,0.007,0.009,0.010,0.011,0.011,0.012,0.013,0.014,0.014,0.015,0.016,0.017,0.018,0.019,0.021,0.023,0.025,0.028,0.032,0.038,0.049,0.074
0.000,0.000,0.000,0.000,0.000,0.000,0.000,0.000,0.000,0.000,0.000,0.000,0.000,0.000,0.000,0.000,0.000,0.000,0.000,0.000,0.000,0.000,0.000,0.000,0.000,0.000,0.000,0.000,0.000,0.003,0.003,0.003,0.003,0.003,0.003,0.004,0.004,0.004,0.004,0.005,0.005,0.006,0.007,0.008,0.009,0.010,0.011,0.012,0.012,0.013,0.014,0.015,0.016,0.017,0.018,0.019,0.020,0.022,0.024,0.026,0.029,0.034,0.040,0.051,0.078
0.000,0.000,0.000,0.000,0.000,0.000,0.000,0.000,0.000,0.000,0.000,0.000,0.000,0.000,0.000,0.000,0.000,0.000,0.000,0.000,0.000,0.000,0.000,0.000,0.000,0.000,0.000,0.000,0.000,0.000,0.003,0.003,0.003,0.003,0.003,0.004,0.004,0.004,0.005,0.005,0.005,0.006,0.007,0.008,0.009,0.010,0.011,0.012,0.013,0.014,0.015,0.015,0.016,0.017,0.018,0.020,0.021,0.023,0.025,0.027,0.031,0.035,0.042,0.054,0.082
0.000,0.000,0.000,0.000,0.000,0.000,0.000,0.000,0.000,0.000,0.000,0.000,0.000,0.000,0.000,0.000,0.000,0.000,0.000,0.000,0.000,0.000,0.000,0.000,0.000,0.000,0.000,0.000,0.000,0.000,0.000,0.003,0.003,0.003,0.004,0.004,0.004,0.004,0.005,0.005,0.006,0.006,0.007,0.008,0.010,0.011,0.012,0.013,0.014,0.014,0.015,0.016,0.017,0.018,0.019,0.021,0.022,0.024,0.026,0.029,0.032,0.037,0.045,0.058,0.088
0.000,0.000,0.000,0.000,0.000,0.000,0.000,0.000,0.000,0.000,0.000,0.000,0.000,0.000,0.000,0.000,0.000,0.000,0.000,0.000,0.000,0.000,0.000,0.000,0.000,0.000,0.000,0.000,0.000,0.000,0.000,0.000,0.003,0.003,0.004,0.004,0.004,0.005,0.005,0.005,0.006,0.007,0.008,0.009,0.011,0.012,0.013,0.014,0.015,0.015,0.016,0.017,0.018,0.019,0.021,0.022,0.024,0.026,0.028,0.031,0.035,0.040,0.048,0.062,0.096
0.000,0.000,0.000,0.000,0.000,0.000,0.000,0.000,0.000,0.000,0.000,0.000,0.000,0.000,0.000,0.000,0.000,0.000,0.000,0.000,0.000,0.000,0.000,0.000,0.000,0.000,0.000,0.000,0.000,0.000,0.000,0.000,0.000,0.004,0.004,0.004,0.005,0.005,0.005,0.006,0.007,0.007,0.008,0.010,0.011,0.013,0.014,0.015,0.016,0.017,0.017,0.018,0.019,0.021,0.022,0.024,0.025,0.027,0.030,0.033,0.038,0.044,0.052,0.068,0.106
0.000,0.000,0.000,0.000,0.000,0.000,0.000,0.000,0.000,0.000,0.000,0.000,0.000,0.000,0.000,0.000,0.000,0.000,0.000,0.000,0.000,0.000,0.000,0.000,0.000,0.000,0.000,0.000,0.000,0.000,0.000,0.000,0.000,0.000,0.004,0.005,0.005,0.005,0.006,0.006,0.007,0.008,0.009,0.010,0.012,0.014,0.015,0.016,0.017,0.018,0.019,0.020,0.021,0.022,0.024,0.025,0.027,0.030,0.032,0.036,0.041,0.047,0.057,0.075,0.117
0.000,0.000,0.000,0.000,0.000,0.000,0.000,0.000,0.000,0.000,0.000,0.000,0.000,0.000,0.000,0.000,0.000,0.000,0.000,0.000,0.000,0.000,0.000,0.000,0.000,0.000,0.000,0.000,0.000,0.000,0.000,0.000,0.000,0.000,0.000,0.005,0.005,0.006,0.006,0.007,0.008,0.008,0.010,0.011,0.014,0.015,0.016,0.017,0.018,0.019,0.020,0.021,0.023,0.024,0.026,0.027,0.030,0.032,0.035,0.039,0.044,0.052,0.063,0.083,0.130
0.000,0.000,0.000,0.000,0.000,0.000,0.000,0.000,0.000,0.000,0.000,0.000,0.000,0.000,0.000,0.000,0.000,0.000,0.000,0.000,0.000,0.000,0.000,0.000,0.000,0.000,0.000,0.000,0.000,0.000,0.000,0.000,0.000,0.000,0.000,0.000,0.006,0.006,0.007,0.007,0.008,0.009,0.010,0.012,0.015,0.016,0.017,0.019,0.020,0.021,0.022,0.023,0.024,0.026,0.028,0.030,0.032,0.035,0.038,0.043,0.049,0.057,0.070,0.092,0.146
0.000,0.000,0.000,0.000,0.000,0.000,0.000,0.000,0.000,0.000,0.000,0.000,0.000,0.000,0.000,0.000,0.000,0.000,0.000,0.000,0.000,0.000,0.000,0.000,0.000,0.000,0.000,0.000,0.000,0.000,0.000,0.000,0.000,0.000,0.000,0.000,0.001,0.006,0.007,0.008,0.009,0.010,0.011,0.013,0.016,0.018,0.019,0.020,0.021,0.022,0.024,0.025,0.026,0.028,0.030,0.032,0.035,0.038,0.042,0.047,0.054,0.063,0.078,0.103,0.165
0.000,0.000,0.000,0.000,0.000,0.000,0.000,0.000,0.000,0.000,0.000,0.000,0.000,0.000,0.000,0.000,0.000,0.000,0.000,0.000,0.000,0.000,0.000,0.000,0.000,0.000,0.000,0.000,0.000,0.000,0.000,0.000,0.000,0.000,0.000,0.000,0.000,0.001,0.008,0.009,0.010,0.011,0.012,0.015,0.018,0.020,0.021,0.022,0.023,0.025,0.026,0.027,0.029,0.031,0.033,0.036,0.039,0.042,0.047,0.053,0.060,0.072,0.088,0.118,0.191
0.000,0.000,0.000,0.000,0.000,0.000,0.000,0.000,0.000,0.000,0.000,0.000,0.000,0.000,0.000,0.000,0.000,0.000,0.000,0.000,0.000,0.000,0.000,0.000,0.000,0.000,0.000,0.000,0.000,0.000,0.000,0.000,0.000,0.000,0.000,0.000,0.000,0.000,0.001,0.009,0.011,0.012,0.014,0.016,0.020,0.022,0.023,0.024,0.026,0.027,0.028,0.030,0.032,0.034,0.037,0.040,0.043,0.047,0.053,0.059,0.069,0.082,0.101,0.137,0.223
0.000,0.000,0.000,0.000,0.000,0.000,0.000,0.000,0.000,0.000,0.000,0.000,0.000,0.000,0.000,0.000,0.000,0.000,0.000,0.000,0.000,0.000,0.000,0.000,0.000,0.000,0.000,0.000,0.000,0.000,0.000,0.000,0.000,0.000,0.000,0.000,0.000,0.000,0.000,0.001,0.012,0.013,0.015,0.018,0.022,0.024,0.026,0.027,0.028,0.030,0.032,0.033,0.036,0.038,0.041,0.045,0.049,0.054,0.060,0.068,0.079,0.095,0.119,0.162,0.267
0.000,0.000,0.000,0.000,0.000,0.000,0.000,0.000,0.000,0.000,0.000,0.000,0.000,0.000,0.000,0.000,0.000,0.000,0.000,0.000,0.000,0.000,0.000,0.000,0.000,0.000,0.000,0.000,0.000,0.000,0.000,0.000,0.000,0.000,0.000,0.000,0.000,0.000,0.000,0.000,0.001,0.015,0.017,0.021,0.025,0.027,0.029,0.030,0.032,0.034,0.035,0.038,0.040,0.043,0.047,0.051,0.056,0.062,0.070,0.080,0.093,0.113,0.142,0.195,0.324
0.000,0.000,0.000,0.000,0.000,0.000,0.000,0.000,0.000,0.000,0.000,0.000,0.000,0.000,0.000,0.000,0.000,0.000,0.000,0.000,0.000,0.000,0.000,0.000,0.000,0.000,0.000,0.000,0.000,0.000,0.000,0.000,0.000,0.000,0.000,0.000,0.000,0.000,0.000,0.000,0.000,0.002,0.020,0.024,0.029,0.031,0.033,0.034,0.036,0.038,0.040,0.043,0.046,0.050,0.054,0.060,0.066,0.074,0.083,0.095,0.112,0.136,0.172,0.238,0.401
0.000,0.000,0.000,0.000,0.000,0.000,0.000,0.000,0.000,0.000,0.000,0.000,0.000,0.000,0.000,0.000,0.000,0.000,0.000,0.000,0.000,0.000,0.000,0.000,0.000,0.000,0.000,0.000,0.000,0.000,0.000,0.000,0.000,0.000,0.000,0.000,0.000,0.000,0.000,0.000,0.000,0.000,0.002,0.027,0.034,0.036,0.038,0.039,0.042,0.044,0.047,0.051,0.054,0.059,0.065,0.072,0.080,0.089,0.101,0.116,0.137,0.167,0.212,0.295,0.499
0.000,0.000,0.000,0.000,0.000,0.000,0.000,0.000,0.000,0.000,0.000,0.000,0.000,0.000,0.000,0.000,0.000,0.000,0.000,0.000,0.000,0.000,0.000,0.000,0.000,0.000,0.000,0.000,0.000,0.000,0.000,0.000,0.000,0.000,0.000,0.000,0.000,0.000,0.000,0.000,0.000,0.000,0.000,0.003,0.041,0.042,0.044,0.046,0.049,0.053,0.057,0.062,0.067,0.073,0.080,0.088,0.098,0.109,0.124,0.142,0.167,0.204,0.259,0.361,0.613
0.000,0.000,0.000,0.000,0.000,0.000,0.000,0.000,0.000,0.000,0.000,0.000,0.000,0.000,0.000,0.000,0.000,0.000,0.000,0.000,0.000,0.000,0.000,0.000,0.000,0.000,0.000,0.000,0.000,0.000,0.000,0.000,0.000,0.000,0.000,0.000,0.000,0.000,0.000,0.000,0.000,0.000,0.000,0.000,0.004,0.053,0.056,0.059,0.063,0.067,0.071,0.076,0.082,0.088,0.096,0.106,0.117,0.129,0.145,0.166,0.195,0.238,0.302,0.421,0.718
0.000,0.000,0.000,0.000,0.000,0.000,0.000,0.000,0.000,0.000,0.000,0.000,0.000,0.000,0.000,0.000,0.000,0.000,0.000,0.000,0.000,0.000,0.000,0.000,0.000,0.000,0.000,0.000,0.000,0.000,0.000,0.000,0.000,0.000,0.000,0.000,0.000,0.000,0.000,0.000,0.000,0.000,0.000,0.000,0.000,0.004,0.059,0.062,0.066,0.071,0.075,0.080,0.086,0.093,0.102,0.112,0.124,0.137,0.155,0.177,0.208,0.254,0.324,0.453,0.777
0.000,0.000,0.000,0.000,0.000,0.000,0.000,0.000,0.000,0.000,0.000,0.000,0.000,0.000,0.000,0.000,0.000,0.000,0.000,0.000,0.000,0.000,0.000,0.000,0.000,0.000,0.000,0.000,0.000,0.000,0.000,0.000,0.000,0.000,0.000,0.000,0.000,0.000,0.000,0.000,0.000,0.000,0.000,0.000,0.000,0.000,0.005,0.066,0.070,0.075,0.080,0.085,0.091,0.099,0.108,0.119,0.131,0.146,0.165,0.189,0.223,0.273,0.348,0.489,0.844
0.000,0.000,0.000,0.000,0.000,0.000,0.000,0.000,0.000,0.000,0.000,0.000,0.000,0.000,0.000,0.000,0.000,0.000,0.000,0.000,0.000,0.000,0.000,0.000,0.000,0.000,0.000,0.000,0.000,0.000,0.000,0.000,0.000,0.000,0.000,0.000,0.000,0.000,0.000,0.000,0.000,0.000,0.000,0.000,0.000,0.000,0.000,0.005,0.074,0.079,0.084,0.090,0.097,0.105,0.115,0.126,0.140,0.156,0.176,0.202,0.239,0.293,0.376,0.531,0.921
0.000,0.000,0.000,0.000,0.000,0.000,0.000,0.000,0.000,0.000,0.000,0.000,0.000,0.000,0.000,0.000,0.000,0.000,0.000,0.000,0.000,0.000,0.000,0.000,0.000,0.000,0.000,0.000,0.000,0.000,0.000,0.000,0.000,0.000,0.000,0.000,0.000,0.000,0.000,0.000,0.000,0.000,0.000,0.000,0.000,0.000,0.000,0.000,0.005,0.084,0.089,0.096,0.103,0.112,0.123,0.135,0.150,0.167,0.189,0.217,0.258,0.317,0.408,0.578,1.010
0.000,0.000,0.000,0.000,0.000,0.000,0.000,0.000,0.000,0.000,0.000,0.000,0.000,0.000,0.000,0.000,0.000,0.000,0.000,0.000,0.000,0.000,0.000,0.000,0.000,0.000,0.000,0.000,0.000,0.000,0.000,0.000,0.000,0.000,0.000,0.000,0.000,0.000,0.000,0.000,0.000,0.000,0.000,0.000,0.000,0.000,0.000,0.000,0.000,0.006,0.096,0.102,0.111,0.120,0.132,0.145,0.161,0.180,0.203,0.235,0.279,0.344,0.444,0.633,1.113
0.000,0.000,0.000,0.000,0.000,0.000,0.000,0.000,0.000,0.000,0.000,0.000,0.000,0.000,0.000,0.000,0.000,0.000,0.000,0.000,0.000,0.000,0.000,0.000,0.000,0.000,0.000,0.000,0.000,0.000,0.000,0.000,0.000,0.000,0.000,0.000,0.000,0.000,0.000,0.000,0.000,0.000,0.000,0.000,0.000,0.000,0.000,0.000,0.000,0.000,0.006,0.109,0.118,0.129,0.141,0.155,0.173,0.193,0.219,0.253,0.302,0.374,0.485,0.695,1.230
0.000,0.000,0.000,0.000,0.000,0.000,0.000,0.000,0.000,0.000,0.000,0.000,0.000,0.000,0.000,0.000,0.000,0.000,0.000,0.000,0.000,0.000,0.000,0.000,0.000,0.000,0.000,0.000,0.000,0.000,0.000,0.000,0.000,0.000,0.000,0.000,0.000,0.000,0.000,0.000,0.000,0.000,0.000,0.000,0.000,0.000,0.000,0.000,0.000,0.000,0.000,0.007,0.126,0.138,0.151,0.167,0.186,0.208,0.237,0.275,0.329,0.409,0.533,0.768,1.371
0.000,0.000,0.000,0.000,0.000,0.000,0.000,0.000,0.000,0.000,0.000,0.000,0.000,0.000,0.000,0.000,0.000,0.000,0.000,0.000,0.000,0.000,0.000,0.000,0.000,0.000,0.000,0.000,0.000,0.000,0.000,0.000,0.000,0.000,0.000,0.000,0.000,0.000,0.000,0.000,0.000,0.000,0.000,0.000,0.000,0.000,0.000,0.000,0.000,0.000,0.000,0.000,0.007,0.149,0.163,0.181,0.202,0.226,0.258,0.301,0.361,0.452,0.591,0.857,1.542
0.000,0.000,0.000,0.000,0.000,0.000,0.000,0.000,0.000,0.000,0.000,0.000,0.000,0.000,0.000,0.000,0.000,0.000,0.000,0.000,0.000,0.000,0.000,0.000,0.000,0.000,0.000,0.000,0.000,0.000,0.000,0.000,0.000,0.000,0.000,0.000,0.000,0.000,0.000,0.000,0.000,0.000,0.000,0.000,0.000,0.000,0.000,0.000,0.000,0.000,0.000,0.000,0.000,0.008,0.179,0.198,0.222,0.248,0.284,0.332,0.401,0.503,0.661,0.965,1.753
0.000,0.000,0.000,0.000,0.000,0.000,0.000,0.000,0.000,0.000,0.000,0.000,0.000,0.000,0.000,0.000,0.000,0.000,0.000,0.000,0.000,0.000,0.000,0.000,0.000,0.000,0.000,0.000,0.000,0.000,0.000,0.000,0.000,0.000,0.000,0.000,0.000,0.000,0.000,0.000,0.000,0.000,0.000,0.000,0.000,0.000,0.000,0.000,0.000,0.000,0.000,0.000,0.000,0.000,0.009,0.218,0.244,0.274,0.315,0.369,0.447,0.564,0.744,1.094,2.009
0.000,0.000,0.000,0.000,0.000,0.000,0.000,0.000,0.000,0.000,0.000,0.000,0.000,0.000,0.000,0.000,0.000,0.000,0.000,0.000,0.000,0.000,0.000,0.000,0.000,0.000,0.000,0.000,0.000,0.000,0.000,0.000,0.000,0.000,0.000,0.000,0.000,0.000,0.000,0.000,0.000,0.000,0.000,0.000,0.000,0.000,0.000,0.000,0.000,0.000,0.000,0.000,0.000,0.000,0.000,0.010,0.271,0.304,0.351,0.413,0.503,0.638,0.845,1.254,2.328
0.000,0.000,0.000,0.000,0.000,0.000,0.000,0.000,0.000,0.000,0.000,0.000,0.000,0.000,0.000,0.000,0.000,0.000,0.000,0.000,0.000,0.000,0.000,0.000,0.000,0.000,0.000,0.000,0.000,0.000,0.000,0.000,0.000,0.000,0.000,0.000,0.000,0.000,0.000,0.000,0.000,0.000,0.000,0.000,0.000,0.000,0.000,0.000,0.000,0.000,0.000,0.000,0.000,0.000,0.000,0.000,0.012,0.342,0.396,0.466,0.570,0.727,0.968,1.450,2.727
0.000,0.000,0.000,0.000,0.000,0.000,0.000,0.000,0.000,0.000,0.000,0.000,0.000,0.000,0.000,0.000,0.000,0.000,0.000,0.000,0.000,0.000,0.000,0.000,0.000,0.000,0.000,0.000,0.000,0.000,0.000,0.000,0.000,0.000,0.000,0.000,0.000,0.000,0.000,0.000,0.000,0.000,0.000,0.000,0.000,0.000,0.000,0.000,0.000,0.000,0.000,0.000,0.000,0.000,0.000,0.000,0.000,0.013,0.445,0.527,0.649,0.833,1.118,1.694,3.238
0.000,0.000,0.000,0.000,0.000,0.000,0.000,0.000,0.000,0.000,0.000,0.000,0.000,0.000,0.000,0.000,0.000,0.000,0.000,0.000,0.000,0.000,0.000,0.000,0.000,0.000,0.000,0.000,0.000,0.000,0.000,0.000,0.000,0.000,0.000,0.000,0.000,0.000,0.000,0.000,0.000,0.000,0.000,0.000,0.000,0.000,0.000,0.000,0.000,0.000,0.000,0.000,0.000,0.000,0.000,0.000,0.000,0.000,0.015,0.610,0.756,0.977,1.321,2.032,3.955
0.000,0.000,0.000,0.000,0.000,0.000,0.000,0.000,0.000,0.000,0.000,0.000,0.000,0.000,0.000,0.000,0.000,0.000,0.000,0.000,0.000,0.000,0.000,0.000,0.000,0.000,0.000,0.000,0.000,0.000,0.000,0.000,0.000,0.000,0.000,0.000,0.000,0.000,0.000,0.000,0.000,0.000,0.000,0.000,0.000,0.000,0.000,0.000,0.000,0.000,0.000,0.000,0.000,0.000,0.000,0.000,0.000,0.000,0.000,0.018,0.895,1.169,1.597,2.500,4.978
0.000,0.000,0.000,0.000,0.000,0.000,0.000,0.000,0.000,0.000,0.000,0.000,0.000,0.000,0.000,0.000,0.000,0.000,0.000,0.000,0.000,0.000,0.000,0.000,0.000,0.000,0.000,0.000,0.000,0.000,0.000,0.000,0.000,0.000,0.000,0.000,0.000,0.000,0.000,0.000,0.000,0.000,0.000,0.000,0.000,0.000,0.000,0.000,0.000,0.000,0.000,0.000,0.000,0.000,0.000,0.000,0.000,0.000,0.000,0.000,0.023,1.451,2.008,3.213,6.567
0.000,0.000,0.000,0.000,0.000,0.000,0.000,0.000,0.000,0.000,0.000,0.000,0.000,0.000,0.000,0.000,0.000,0.000,0.000,0.000,0.000,0.000,0.000,0.000,0.000,0.000,0.000,0.000,0.000,0.000,0.000,0.000,0.000,0.000,0.000,0.000,0.000,0.000,0.000,0.000,0.000,0.000,0.000,0.000,0.000,0.000,0.000,0.000,0.000,0.000,0.000,0.000,0.000,0.000,0.000,0.000,0.000,0.000,0.000,0.000,0.000,0.030,2.643,4.326,9.111
0.000,0.000,0.000,0.000,0.000,0.000,0.000,0.000,0.000,0.000,0.000,0.000,0.000,0.000,0.000,0.000,0.000,0.000,0.000,0.000,0.000,0.000,0.000,0.000,0.000,0.000,0.000,0.000,0.000,0.000,0.000,0.000,0.000,0.000,0.000,0.000,0.000,0.000,0.000,0.000,0.000,0.000,0.000,0.000,0.000,0.000,0.000,0.000,0.000,0.000,0.000,0.000,0.000,0.000,0.000,0.000,0.000,0.000,0.000,0.000,0.000,0.000,0.042,6.039,13.318
0.000,0.000,0.000,0.000,0.000,0.000,0.000,0.000,0.000,0.000,0.000,0.000,0.000,0.000,0.000,0.000,0.000,0.000,0.000,0.000,0.000,0.000,0.000,0.000,0.000,0.000,0.000,0.000,0.000,0.000,0.000,0.000,0.000,0.000,0.000,0.000,0.000,0.000,0.000,0.000,0.000,0.000,0.000,0.000,0.000,0.000,0.000,0.000,0.000,0.000,0.000,0.000,0.000,0.000,0.000,0.000,0.000,0.000,0.000,0.000,0.000,0.000,0.000,0.069,22.520
0.000,0.000,0.000,0.000,0.000,0.000,0.000,0.000,0.000,0.000,0.000,0.000,0.000,0.000,0.000,0.000,0.000,0.000,0.000,0.000,0.000,0.000,0.000,0.000,0.000,0.000,0.000,0.000,0.000,0.000,0.000,0.000,0.000,0.000,0.000,0.000,0.000,0.000,0.000,0.000,0.000,0.000,0.000,0.000,0.000,0.000,0.000,0.000,0.000,0.000,0.000,0.000,0.000,0.000,0.000,0.000,0.000,0.000,0.000,0.000,0.000,0.000,0.000,0.000,0.153
